"id","profileName","text","date","title","rating","images","helpful","Pattern Name","Size"
"R3RUBB6REUGTT","Binu","Before finalizing the AUE60 55"", I visited Croma and Vijay Sales to check for the same TV or similar models for their features and picture quality. I was told AUE60 & AUE70(the models listed here as Crystal 4K and 4K Pro) are E-commerce exclusive models, not available offline. I was shown AU7700 which has the same processor, panel and features, but was listed at 65K for the 55"" version. I liked the picture quality, and decided I'll get the AUE60 since it shares so much with AU7700, and save ~20k.Why I went for AUE60  vs. AUE70 - I knew I wouldn't be needing a voice assistant, and wanted to save 3k. I knew even if I wanted a voice assistant, I could plug in Fire TV/Mi TV box and get those features later on. Delivery was pretty hassle free, the delivery executive unloaded the TV in the room I asked for, and opened the box to inspect the TV for any physical damages. Samsung technicians came in a few hours later, installed and gave a demo.Sound:Per other reviews - sound from speakers is apparently bad, but in my case, I found it satisfactory. I have it wall mounted in a 10X12ft room, and the TV's speakers sound better compared to Bose Soundlink Speakers that I connected it to via Bluetooth.Picture:The Panel's great, but nothing worth raving about. Gray uniformity isn't great(i.e. gray tones won't be perfectly uniform across the whole panel, there'll be darker zones towards the edges/corners based on backlight placement). Blacks aren't perfectly black - and they're brighter than you'd expect from a VA panel, but this isn't noticeable at all when the room is lit. No backlight bleed. Colors are as good as I'd like them to be, and the panel does get noticeably bright for my taste, even when brightness is turned down to 40%. 720p content is watchable from >8ft, 1080p is good(I'd say better than I expected), and 4K is well, 4K.Connectivity:I have a 35 Mb/s broadband  connection and all content streams in 4K when available, without stutters. The TV has Bluetooth 5.0, and works with TWS and Neckband earphones fine(I use Oppo Enco W51 and Boat Rockerz 330) - there's no noticeable latency, and volume can be controlled through the remote itself.Apps & Features:Has all the standard slew of streaming apps I needed - Netflix, Hotstar, Prime, Apple TV+ & YouTube. All of them stream 4k content, except for Hotstar - which only streamed 4K a few times. 1080p is still very watchable, and not really a deal breaker. No Dolby Vision support - which I made my peace with considering the fact that 99% of budget TVs in the market can't produce the contrast you'd expect out of DV content anyways, so why care. You get HDR, and HDR content is definitely better looking than non-HDR ones in terms of colors and vibrancy. I planned to use the TV without cable, but the TV does come with some channels like Republic TV, Bloomberg, 9XM, etc., these stream in 1080p, so a great bonus to have.Remote:Very basic RF remote, unlike Bluetooth ones on most new TVs. The remote's looks pretty sleek and stylish, but that's about it. Biggest gripe - typing to search for things within apps is a pain in the behind, you'll need to use the D-pad to navigate on an on-screen keyboard. You can control the TV using Samsung's SmartThings App, but guess what - you can't even use your phone's keyboard to type in when controlling through the app - this is something that can be added through an update, but it's not there yet.Attached pictures are all of 4K content. Resolution might get scaled down after I submit the review, but you can still get an idea of the TV's design/looks, Panel colors and contrast, etc.I'd say I'm really happy - and given the chance, wouldn't change my decision. It's a Samsung TV, so end of the day, if it produces a decent picture, and lasts a couple of years more than I expect, I can overlook all other cons. I'd highly recommend the TV if you have the same expectations from your next TV.","Reviewed in India on 18 March 2022","Best(Branded) Budget TV",5,"https://m.media-amazon.com/images/I/51DoilNqdgL.jpg
https://m.media-amazon.com/images/I/614A9KR57BL.jpg
https://m.media-amazon.com/images/I/61KZLyu-4xL.jpg
https://m.media-amazon.com/images/I/61LH-RQqQFL.jpg
https://m.media-amazon.com/images/I/61RGhvtHobL.jpg
https://m.media-amazon.com/images/I/61YA2uMMGQL.jpg
https://m.media-amazon.com/images/I/61iJKx0+YGL.jpg
https://m.media-amazon.com/images/I/61jN-1ZXP6L.jpg
https://m.media-amazon.com/images/I/61pQQy7lgfL.jpg
https://m.media-amazon.com/images/I/61zgm9dNZ2L.jpg
https://m.media-amazon.com/images/I/71+8YGS4UXL.jpg
https://m.media-amazon.com/images/I/71cNpPmLbqL.jpg","925","Crystal 4K Series","55 inches"
"R1V9UWAJE2YFB8","Surjit","Samsung is a trusted brand and that is the reason I bought this TV. It is a great product with all needed features decent display, Fluid uset interface, faster boot time, speakers are good, wifi and bluetooth connectivity works seamlessly. Build quality is fine,Go for it if you want well balanced tv.","Reviewed in India on 3 September 2023","A Good TV",4,"","3","Crystal 4K iSmart Series","55 inches"
"R2UFMR3PXDCDZC","Anjana","TV is good, display is good. But the refresh rate is 50 Hz which is a bit lower to other competitors. Audio is not the best in class as it lack the punchy bass from stock speakers! I would recommend to get a TV with 120Hz refresh rate and MEMC. Also with a better audio. I got this for less than 25k which I feel is worth buying.","Reviewed in India on 23 August 2023","Does the job right!",4,"","5","Crystal 4K Neo Series","43 inches"
"R957EIYTFF02A","Rameswar","Got the 55 inch for 37k.Picture quality is great.Smart features are ok, not Android tv that can be taken care of by purchasing tv box.Sound is average, not that loud, mostly I prefer a bt headset.","Reviewed in India on 1 September 2023","Got the best deal",4,"",1,"Crystal 4K Series","55 inches"
"R2N1O8C91C2XE4","Shreyas","Picture clarity is good. Sound could‚Äôve been better.","Reviewed in India on 8 September 2023","Worth the money",4,"",0,"Crystal 4K iSmart Series","55 inches"
"R2DR89YNUPFST7","Lalit Kumar","1. Purchased at price 26322 rupees. Got 5% discount additional via Amazon Pay Credit Card via ICICI.2. Comes with digital channel, but will recommend you to buy dish/TV cable. As digital channels shows lots of add.3. Picture quality is good, As i have prime membership, my parents watch lots of movies on it.4. Sounds appear to be bit low sometimes in Hollywood movies. It can also be possible as english is not my first language, so i have to listen dialogues bit louder to understand.5. Easily connects with WIFI, Currently all digital channels which are available for free running via WIFI only.6. It also feels laggy sometimes. That is the only negative point I can say. Takes 2-3 secound times to run an application.7. At that price on which i have purchased it, it's a steal deal. Plus I no longer buy products which directly associates to a Chinese company.","Reviewed in India on 23 July 2023","Good Product",4,"https://m.media-amazon.com/images/I/71G43DOwlZL.jpg","34","Crystal 4K Series","43 inches"
"RB72T0D8CIA46","Aman verma","Its a great tv at this price picture quality is quite amazing butt butt sound is not so good it has 20w sound only at this price everyone expecting better sound with bass from such brands like samsung","Reviewed in India on 26 August 2023","Nice product from Samsung",4,"",1,"Crystal 4K Series","43 inches"
"R3047SY7RCJL82","Nice quality and sound ","Nice sound and Quality...","Reviewed in India on 6 September 2023","Nice",4,"https://m.media-amazon.com/images/I/61J0-5AdObL.jpg
https://m.media-amazon.com/images/I/61J0-5AdObL.jpg",1,"Crystal 4K iSmart Series","43 inches"
"R88VT2SC4EES5","Nirmal","¬†43inches tv. I got this at awesome price 26,230 mrp 30900 to 31990. Delivered in 2daysProsSuperb build QualityGood SoundTrue HDRNormal SlimIn room Without light blacks are invisibly,true blacksConsOperating system TaizenNot much more apps available on taizen appLeggy OperatingBlindly buy it or else if you want to go bigger size 50inches it costs around 45000","Reviewed in India on 26 August 2023","Awesome üëå go for it",4,"https://m.media-amazon.com/images/I/61Z53usMJgL.jpg
https://m.media-amazon.com/images/I/61j7Mm0eQDL.jpg
https://m.media-amazon.com/images/I/817fHvXrC5L.jpg",1,"Crystal 4K iSmart Series","43 inches"
"RR8V5YD8E2JFW","Pavan kumar","Received tv in good condition and technician helped me understand all the features . Led panel is fragile so I would recommend buyers to be cautious if you have kids at home.Overall buying experience is good.","Reviewed in India on 23 August 2023","Very good",4,"https://m.media-amazon.com/images/I/71YM0UKssaL.jpg","3","Crystal 4K iSmart Series","55 inches"
"R20X47FO9P1TQA","Kanaka Durga Tanna","Nice tv at this price","Reviewed in India on 1 September 2023","Good product",4,"",1,"Crystal 4K iSmart Series","65 inches"
"R2E5XHZC3NTMK9","B ch reddy","Picture quality is very nice and 4k video quality","Reviewed in India on 28 August 2023","Picture quality",4,"",0,"Crystal 4K Series","43 inches"
"R2H99ZC9YAQBTS","Amrit Thakur","Good view clearly view","Reviewed in India on 25 August 2023","Remote different",4,"",0,"Crystal 4K iSmart Series","43 inches"
"R2CB7ZJTX133RE","Subir Biswas","¬†Always by band items purchased. Band items price is hi but all time good service than non branded items. We are not purchasing all day . I am suffering non branded I tem purchase then I say","Reviewed in India on 28 August 2023","Picture quality good. Sound is good",4,"https://m.media-amazon.com/images/I/61rKC5eeElL.jpg",1,"Crystal 4K iSmart Series","43 inches"
"R3HSVL520ZZQEL","Harshitha","Good product so far","Reviewed in India on 21 August 2023","Good purchase",4,"",0,"Crystal 4K Neo Series","43 inches"
"R3DJ10ZYAHGZK5","Sanjeev Mishra","Like","Reviewed in India on 24 August 2023","Good",4,"",1,"Crystal 4K iSmart Series","43 inches"
"R26OM3QR27I2EH","Sandeep","Picture quality is very good sond is not that good , so i had to buy a sound bar along with it , but the HDMI eARC connection gets cut off when you switch to or open ott platforms on this TV. It must be a TV glich or something, wifi connectivity could not take place for a while on the first time connection and Netflix could not get connected in first few tries, i had to switch off and on the TV many times to get it's wifi  accumulated, keeping in mind one thing, my wifi is a very fast connection so the fault was in TV not in wifi.It's my first Samsung purchase, i feel it has let me down in all the aspects other than a superb display. Go for Sony or LG or a good Android TV.","Reviewed in India on 10 September 2023","Better buy An android TV, it's having a samsung OS not that good",3,"",0,"Crystal 4K iSmart Series","50 inches"
"R16BFL2MNYLR2J","Amazon Customer","Picture quality üëåSound quality ok but not loud üôÅ","Reviewed in India on 18 August 2023","All over good but voice button should have been there",4,"","2","Crystal 4K iSmart Series","43 inches"
"R1CKO1GM8H3LFR","Placeholder","Picture quality üëå","Reviewed in India on 19 August 2023","Fab",4,"",1,"Crystal 4K iSmart Series","43 inches"
"RTUD24B3VS8D8","nkdev89","My honest review after using it for a week, I brought CUE60 65 inch model. The display is great . Although the wall mount did not come with the box , The service engineer brought along with him and installed it at free of cost.The tizen OS is bit slow and the TV with this price range could have better OS . May be this is entry level model it has less and slow features .Offcourse we need fire tv stick with 4k or some android tv box. I use imported Nvidia shield Tv which work well with this TV.Although nothing mentioned about Aiplay in the description and also in the samsung site. This TV has Airplay and Works well, I tried mirroring screen from my iPad, iPhone and Mac book works as expected . Screen extend will only work if you connect the MacBook charger .Speaker is worst, can‚Äôt expect more in 20W speaker should buy sound bars > 400WIf you just need a great display , screen mirroring . casting go for it . If you need more features with fast OS think about it what features you need before buying it.","Reviewed in India on 10 June 2023","Good Tv with great display and Airplay",4,"","38","Crystal 4K iSmart Series","65 inches"
"R3U6D8J6J9ZQH4","VINAMRA","This is an amazing TV at this price range alongwith great features.Video quality is amazing, video upscaling is pretty good.The operating system is also smooth.All in all it is a great TV coming in at this price range.I am really happy with the product.","Reviewed in India on 5 September 2023","Best TV in this price segment",5,"https://m.media-amazon.com/images/I/619rZPvAYzL.jpg
https://m.media-amazon.com/images/I/61WBOGlW8nL.jpg
https://m.media-amazon.com/images/I/719fKvryFVL.jpg",0,"Crystal 4K iSmart Series","55 inches"
"R1DV17O8VLM5TU","Amazon Customer","Its too good picture is very crispy and awesome ü§©","Reviewed in India on 7 August 2023","Wow",4,"","4","Crystal 4K Neo Series","43 inches"
"R273J25JEDCXN3","M G.",,"Reviewed in India on 24 August 2023","‡∞®‡∞æ‡∞ü‡±ç ‡∞µ‡±Ü‡∞∏‡±ç‡∞ü‡±ç ‡∞Ø‡±Å‡∞µ‡∞∞‡±ç ‡∞Æ‡∞®‡±Ä",4,"",0,"Crystal 4K iSmart Series","55 inches"
"R3G4WDDSRP0E2","Amazon Customer","Overall tv performance is very good, the only thing i have disappointed eith tv remote it doesn't support voice assistant remote. Company should think for this feature in this TV.","Reviewed in India on 30 July 2023","A good TV in this budget",4,"","8","Crystal 4K iSmart Series","55 inches"
"R2FMB2PXTOTRWE","chetan sharma","¬†Title: An Amazing 4K UHD TV with Easy InstallationRating: ‚≠êÔ∏è‚≠êÔ∏è‚≠êÔ∏è‚≠êÔ∏è‚≠êÔ∏è (5/5)Review:I recently purchased the Samsung 4K UHD TV and I must say, it has been an absolute game-changer in terms of home entertainment. This television offers exceptional picture quality and brilliant color reproduction that truly elevates my viewing experience to a whole new level. The clarity and detail are outstanding, making everything I watch appear incredibly lifelike.One of the standout features of this TV is its affordable price tag. Samsung has truly outdone themselves by offering such a high-quality 4K UHD TV at a budget-friendly cost. It's incredible to see how technology has evolved, making premium features accessible to a wider audience.Furthermore, the installation process of this TV was a breeze. The included instructions were straightforward and easy to follow, allowing me to set it up within minutes. The TV also comes with a user-friendly interface and a handy remote control that makes navigating through various settings and features a seamless experience.Despite its impressive performance, I have come across a few minor cons that I believe are worth mentioning. Firstly, the audio quality could be better. While it is acceptable, I would have appreciated a more immersive sound experience. However, this can easily be resolved by connecting external speakers or a soundbar.Additionally, the TV's remote control could have been designed with more tactile buttons for easier navigation. Although the remote is functional and intuitive, some users may prefer a more traditional layout.In summary, the Samsung 4K UHD TV has exceeded my expectations in terms of its picture quality, affordable price, and ease of installation. The few minor downsides do not overshadow the overall positive experience with this product. If you are in the market for an incredible 4K UHD TV at an affordable price point, I highly recommend considering the Samsung 4K UHD TV. It delivers exceptional value and provides a truly immersive viewing experience.","Reviewed in India on 4 August 2023","Go for it",5,"","6","Crystal 4K Neo Series","43 inches"
"R1VJVRMHZ8MQKM","praveen","To would be Good if it‚Äôs given voice command control button","Reviewed in India on 31 July 2023","Good tv but lack voice control button on remote",4,"https://m.media-amazon.com/images/I/81V0DY3kSuL.jpg","2","Crystal 4K iSmart Series","43 inches"
"R1OJXERJ1IP7N7","Placeholder","¬†Good picture Quality. Samsung is very good","Reviewed in India on 15 August 2023","Excellence picture Quality",4,"",0,"Dynamic Crystal 4K Series","43 inches"
"R12M5SND6883KI","Placeholder","A really great product from samsung  picture quality is really good skund quality is not really that great but can use sound bar for improvement when i got this tv first time it was damaged in shipping from corner and display was broken  i was out of home when tv delivered my family checked but didn't saw the damage it was so small but when we turned it on we saw how big the damage was  i contacted amazon customer service at 1st call it was bad experience they didn't helped but at 2nd call lady was really helpfull and saw my problem and replaced the tvAfter 5 month my tv power supply card got damaged because of lightning strike  i contacted samsung customer care  service was good but little bit slow they changed my tv's card now it is working greatAmazon service was great all the fault was from my side but they could improve the way they deliver products and understanding customer problem seriously moreSamsung customer serivice is great but little bit slow","Reviewed in India on 27 May 2023","Great product and service",4,"https://m.media-amazon.com/images/I/61a917p9NtL.jpg
https://m.media-amazon.com/images/I/71T78I-Y7ML.jpg
https://m.media-amazon.com/images/I/71kjhR9KxpL.jpg
https://m.media-amazon.com/images/I/8157mTcdqKL.jpg","35","Crystal 4K Neo Series","43 inches"
"RDB2DBK6HOFX5","Amazon Customer","I recently purchased Samsung 65 inch 4K Ultra LED Tv and I must say, the product lives up to the expectations. It's a great buy and a great value for money. For the price, its a steal to get a 4K display at such an affordable price and the device does bring in the premium feeling as well.The installation service was good as well. I opted for a wall-mount and the technician politely accepted to get it done at no extra cost. Alos I wouldn't had to wait for the installation, as they allocated a technician within an hour of delivery.So happy with the product and the customer service from Samsung!","Reviewed in India on 9 August 2023","Great Value for Money!",5,"","3","Crystal 4K iSmart Series","65 inches"
"R3020Z5HWFMQLQ","Rohit Roy","I love the colours, got it at 25k, pictures are good, sometimes the blacks doesn't appear that great, but yeah overall tv experience is good.","Reviewed in India on 20 July 2023","Samsung TV",4,"","3","Crystal 4K iSmart Series","43 inches"
"R1FF4P8SR7X00A","Sandeep Rana","¬†Trust me the TV video quality is best in the range. 4k on youtube and other platforms is just amazing.But the remote sucks, there is no voice assistant. Two of the top buttons are useless. It looks like that it has google assistant but it doesnt. A basic fire tv remote has more features than this remote.","Reviewed in India on 18 July 2023","Tv is great but the remote isn't",4,"https://m.media-amazon.com/images/I/81nqEZ-eIEL.jpg","7","Crystal 4K iSmart Series","55 inches"
"R1H6169HO32MH2","TRINADHA RAO KONA","¬†Super &  excellent samsung TV üëåüëåüëåüëå","Reviewed in India on 19 August 2023","Mindblowing & excellent  quality Samsung TVüëåüëåüëåüëå",4,"https://m.media-amazon.com/images/I/61IwvMkOMvL.jpg
https://m.media-amazon.com/images/I/61VACpgh-eL.jpg
https://m.media-amazon.com/images/I/710Y8uxFotL.jpg
https://m.media-amazon.com/images/I/71FOdIm7vQL.jpg
https://m.media-amazon.com/images/I/71cySUuZY6L.jpg
https://m.media-amazon.com/images/I/81zqv1aJZRL.jpg","6","Crystal 4K iSmart Series","43 inches"
"RDEVWUJMHPSQN","vinay","the tv and picture quality is good but they killed the sound. because they want to sell their home theatres or soundbars separately. 20w output that too of low quality is the biggest disappointment.","Reviewed in India on 10 September 2023","Sound is dead.",3,"",0,"Crystal 4K iSmart Series","55 inches"
"R2DWMMBZF07HPA","nchaitanyateja","Offers great picture quality and clour depth with smooth video play. I use with the samsung 5.1 sound bar which connects seamlessly. Totally recommend it.","Reviewed in India on 5 September 2023","Great product at this price",5,"",0,"Crystal 4K iSmart Series","55 inches"
"RRR77IF1D9AWT","Madhav Saraf","There is no clearly mentioned about voice assistant, I bought this tv by looking at the voice assistant sign pn remote picture but this TV has no voice assistant support, please buy it proper model.Otherwise I am happy with picture quality and sound, would have been great if it had voice assistant.","Reviewed in India on 4 July 2023","Product Information is not clearly mentioned",4,"","13","Crystal 4K Series","55 inches"
"RLKFBRW1X8HM6","ANKUR PATHAK","Curses should be inbuilt in remote also. It comes with LG tv. Rest all good","Reviewed in India on 19 July 2023","Good choice",4,"","2","Crystal 4K Neo Series","55 inches"
"R34XV9LSG29JO8","Kavitha","Very fast delivery product quality was good but many time inform that company but not come the installation","Reviewed in India on 3 September 2023","Good but not installation",5,"",0,"Crystal 4K Neo Series","43 inches"
"R35PWDY9R8U287","Jai","Display was amazing highly recommend love u Samsung","Reviewed in India on 7 September 2023","Great display quality",5,"",0,"Crystal 4K Series","43 inches"
"R1L9FMC2YJDY4U","Rubi Kumari","Good","Reviewed in India on 18 July 2023","Good",4,"",1,"Crystal 4K Neo Series","43 inches"
"R26ETDZ79DGTEX","Rahul Shah","Very good performance with great 4K picture quality.","Reviewed in India on 11 September 2023","Performance & Quality",5,"",0,"Crystal 4K Neo Series","43 inches"
"R9O72JR9G1CP8","Sandhya","Value for money and best service, good picture quality,many features, performance is good very good product","Reviewed in India on 4 September 2023","Very good product many features",5,"https://m.media-amazon.com/images/I/41wo2Rsb8WL.jpg",0,"Crystal 4K iSmart Series","55 inches"
"R29MSJT4V9E5M1","shiva kumar","¬†I recently purchased Samsung 138cm(55 inch) crystal i smart uhd tv and I must say, I'm incredibly impressed with the picture quality. The colors are vibrant, and the clarity is stunning. Watching movies and shows on this TV is truly an amazing experience. I couldn't be happier with my purchase","Reviewed in India on 1 September 2023","Performance & picture quality",5,"https://m.media-amazon.com/images/I/617tMkQvmxL.jpg
https://m.media-amazon.com/images/I/71LwtYkV92L.jpg
https://m.media-amazon.com/images/I/71XGXYVLFuL.jpg",0,"Crystal 4K iSmart Series","55 inches"
"R286OS8H6VR7II","Krishna Kishore","All the time Display problem, with in 6 months got 2 times display problem lucky that we have watternty for 2 years otherwise replacement cost is too high aroind 20K","Reviewed in India on 28 August 2023","We should take extended wattenty Display problem",3,"https://m.media-amazon.com/images/I/517yKNdlgQL.jpg",1,"Crystal 4K Neo Series","55 inches"
"R39UWEPMWAUQCB","Shanky Aggarwal","Nice product with excellent quality","Reviewed in India on 8 September 2023","Value for money with Samsung warranty",5,"",0,"Crystal 4K iSmart Series","43 inches"
"R3PZ9EUE2KTEKT","Veeresh","The TV is/was as expected.Recently the TV developed issues with remote-sensor/remote-control .Took multiple Jumps through just to register the complaint. Received no call back only an email.Guess the response - ""check the batteries...."" Ticket closed.Have been trying to get a real response, no luck so far. Have uploaded invoice twice. Emailed twice, Direct messaged on Twitter....Post above Samsung sent a service tech who found that remote was faulty and replaced it.","Reviewed in India on 12 June 2023","Samsung service.",4,"https://m.media-amazon.com/images/I/61NLTol1ZTL.jpg",1,"Crystal 4K Series","55 inches"
"R2NLJ4OGFSDBTP","Totayya Viraktamath","The TV picture quality is excellent. Sound quality is above Average. Good plastic material used.","Reviewed in India on 31 August 2023","A must Buy 2023",5,"",0,"Crystal 4K iSmart Series","43 inches"
"R1DV8U5X1VEU7U","C.THIRUMALAIRAJAN","It's good product through Amazon","Reviewed in India on 5 September 2023","Really a good product",5,"",0,"Crystal 4K iSmart Series","55 inches"
"R1TP86LIW3KUV1","Rahul Scolia","Picture Quality iss Too Good.Speakers is Also Good.Samsung is best for Mide range TV's.","Reviewed in India on 18 August 2023","Amazing Product from Samsung.",5,"https://m.media-amazon.com/images/I/714j6EIj43L.jpg",0,"Crystal 4K iSmart Series","43 inches"
"R1FFYAWL5WPNPT","Midhun","Picture quality is good. Compared to Crystal Neo, the UI is clean in this. But no voice assist, a big bummer! Also faster than the Crystal Neo as well.","Reviewed in India on 9 July 2023","Free camera offer ended.",4,"https://m.media-amazon.com/images/I/719A6sXGVFL.jpg
https://m.media-amazon.com/images/I/81eevODtCeL.jpg","2","Crystal 4K iSmart Series","43 inches"
"R12ZGWJYPC7I5K","vijay bhasker","Best value for money","Reviewed in India on 7 September 2023","Display quality",5,"",0,"Crystal 4K Neo Series","43 inches"
"R24WROMMEAZJD0","Parshuram","Good quality","Reviewed in India on 31 August 2023","Value for money",5,"",0,"Crystal 4K iSmart Series","43 inches"
"R1W03VHGYKFQVO","Placeholder","TV is not working whom to contact","Reviewed in India on 2 July 2023","TV is not working",4,"https://m.media-amazon.com/images/I/61K6YWsOoiL.jpg","7","Crystal 4K Series","43 inches"
"R3HYY1EM8MBKQZ","Mandeep Singh","Verry good","Reviewed in India on 4 September 2023","Very good",5,"https://m.media-amazon.com/images/I/81FVVD4ZSML.jpg",0,"Crystal 4K iSmart Series","43 inches"
"REGPZJJ4OX4LJ","Ajit Khillar","Good product in this price","Reviewed in India on 9 July 2023","Good picture quality.",4,"","2","Crystal 4K iSmart Series","55 inches"
"R208YW94KNX41S","Anil ","Great product. Awesome picture quality. There is no lags in the UI, installation process was went smooth.The only cons in the tv is that doesn't support voice search.","Reviewed in India on 16 August 2023","Awesome product",5,"https://m.media-amazon.com/images/I/61B6WeT8xgL.jpg",1,"Crystal 4K iSmart Series","50 inches"
"RY1G0H7DQF0VY","Kindle Customer","The product is as promised. The picture quality and voice quality is excellent","Reviewed in India on 23 August 2023","Product is as expected",5,"",0,"Crystal 4K Neo Series","43 inches"
"RMVGI366ZLFBM","Chandra shekar","Super","Reviewed in India on 3 September 2023","Excellent",5,"",0,"Crystal 4K Neo Series","55 inches"
"R3B67KI1LF8C0A","Dr.shashidhar swamy","üëç","Reviewed in India on 3 September 2023","‡≤Ö‡≤≤‡≥ç‡≤ü‡≤ø‡≤Æ‡≥á‡≤ü‡≥ç ‡≤∏‡≥Ç‡≤™‡≤∞‡≥ç",5,"",0,"Crystal 4K iSmart Series","55 inches"
"R3M71TMSPQ0I78","Shweta Kumari","Good","Reviewed in India on 2 September 2023","Good",5,"",0,"Crystal 4K Series","55 inches"
"RAJPI5VEY2YSM","K V MANOHAR","Good product","Reviewed in India on 1 September 2023","TV",5,"",0,"Crystal 4K Neo Series","43 inches"
"R395WSAMILB6IG","sreenu babu pativada","¬†Model of the TV is looking good. Picture and sound quality is awesome. I felt a theatre experience while watching Adipurush movie. We can feel the truth colours of nature while watching videos containing animals, birds and other creatures. Moreover it's a worthy product for our money.","Reviewed in India on 22 August 2023","awesome product from Samsung",5,"",1,"Crystal 4K iSmart Series","65 inches"
"R2KN29VNP3ZJPB","Sadhan Kumar Chakraborty","It is an excellent TV","Reviewed in India on 25 August 2023","Excellent TV",5,"",0,"Crystal 4K iSmart Series","43 inches"
"R3S7E58KDMW0MG","Bhupendra Agalcha","Good Product","Reviewed in India on 6 September 2023","Samsung liked",5,"",0,"Crystal 4K iSmart Series","43 inches"
"R16VW5EX4L064Y","Akhil khajuria","Good product at affordable price.","Reviewed in India on 29 August 2023","Nice picture quality",5,"",0,"Crystal 4K iSmart Series","43 inches"
"R2K1ONRPHKVESM","Amazon Customer","Really nice TV, amazing picture quality. Some free channel also there.","Reviewed in India on 24 August 2023","Amazing TV",5,"https://m.media-amazon.com/images/I/71LHcOj4kcL.jpg",0,"Crystal 4K iSmart Series","43 inches"
"RA3K69M2N6VRL","Radheshyam B.","Good picture quality but sound is less","Reviewed in India on 19 August 2023","Samsung tv is good",3,"",0,"Crystal 4K iSmart Series","55 inches"
"R2MMDDTT815XQX","ramakanth","I Recently buy it's Good one, sound and picture quality excellent.","Reviewed in India on 22 August 2023","Samsung crystal ismart 4k",5,"",0,"Crystal 4K iSmart Series","43 inches"
"R23JG0IT36NJSX","Nehal","Best 4k tv by samsung","Reviewed in India on 19 August 2023","Best tv by samsung under 29,000",5,"",0,"Crystal 4K iSmart Series","43 inches"
"RZSQDCEL5XC4R","Magudapathi","Better screen quality and sound quality","Reviewed in India on 19 August 2023","Quality",5,"https://m.media-amazon.com/images/I/71N9liixMUL.jpg",0,"Crystal 4K iSmart Series","65 inches"
"RR5CB2OC1TL1N","Nithin Wilson Lima","My review after few days of usage. TV is really good. Superb clarity, powerful sound system with Adaptive sound feature. It's compatible with Google assistant too for voice search. Has all the required apps pre-installed. I would surely recommend this for this budget and the quality.","Reviewed in India on 31 July 2023","Amazing product by Samsung",5,"https://m.media-amazon.com/images/I/715IlYR37UL.jpg
https://m.media-amazon.com/images/I/71HwXPK-FXL.jpg
https://m.media-amazon.com/images/I/71aWaj5EzvL.jpg
https://m.media-amazon.com/images/I/71heDzQR7LL.jpg","2","Crystal 4K Neo Series","55 inches"
"R1RT9FC4D528HG","vipender ravi","Overall satisfied","Reviewed in India on 23 August 2023","Nice product",5,"",0,"Crystal 4K iSmart Series","43 inches"
"RZXZQH47F13WX","Mandeep singh","Good","Reviewed in India on 25 June 2023","Not bad",4,"","3","Crystal 4K Series","43 inches"
"R1AQ0QUWEVMMQ6","akhil adabala","Best tv below 50k range and quality id topnotch","Reviewed in India on 22 August 2023","Best tv in 55inch",5,"",0,"Crystal 4K Neo Series","55 inches"
"R27OIGW0YNF2C8","Ajith Kumar","TV is fine","Reviewed in India on 24 August 2023","TV",5,"",0,"Crystal 4K iSmart Series","43 inches"
"R3CH4KCTVGBM2Q","akash n.","Best branded TV. All negative all negative points about speakers are filthy. Speakers are the best TV panel is best.","Reviewed in India on 12 August 2023","Ignore negative comments",5,"",0,"Crystal 4K iSmart Series","43 inches"
"R3NN7DD4DAYZQ3","MVS","The overall clarity of the product is good and for the price it is good but","Reviewed in India on 16 August 2023","The quality is good for the price",5,"",0,"Crystal 4K iSmart Series","50 inches"
"RAH0JYWV8620X","Veeru","Value for money and worth buying buzet","Reviewed in India on 19 August 2023","Quality  product was delivered",5,"https://m.media-amazon.com/images/I/61gjW3d-zaL.jpg
https://m.media-amazon.com/images/I/61gjW3d-zaL.jpg
https://m.media-amazon.com/images/I/71TrA0udADL.jpg",0,"Crystal 4K iSmart Series","43 inches"
"R2VWKHVGLEGSMW","Kapil Naik","Good product. Worth to buy ,clear image quality.","Reviewed in India on 18 August 2023","Its Worth",5,"",0,"Crystal 4K iSmart Series","43 inches"
"R2D4EKJ0HWS7ZX","Manoj","Good tv","Reviewed in India on 25 August 2023","I used and I put on safety purpose,,home sum work is going",5,"https://m.media-amazon.com/images/I/81lT-VbjYoL.jpg",0,"Crystal 4K iSmart Series","55 inches"
"R3VBERUCJL3EYH","Jj Ankur","Awsum","Reviewed in India on 21 August 2023","Great experience",5,"",0,"Crystal 4K iSmart Series","55 inches"
"R29ACRVKC5BKBC","Jagdeep singh","Great product . Display is soothing to eyes . Sound quality is really nice .","Reviewed in India on 12 August 2023","Great product",5,"",0,"Crystal 4K iSmart Series","55 inches"
"R1NDTRXZNA9RBA","Lokesh",,"Reviewed in India on 1 July 2023","Best picture quality at affordable price!!",4,"","2","Crystal 4K iSmart Series","55 inches"
"R22WT9JV7CAGUN","Sanjay Kumar T","I bought this at ‚Çπ 23k including bank and cred offerPicture quality is awesome, Sound clarity is crystal clear, but when we seeing from side 70¬∞ you will get shaded screen or white screen.But for 4k videos you can see good picture quality in all viewing angles.","Reviewed in India on 1 June 2023","Need more improvement",4,"","12","Crystal 4K Neo Series","43 inches"
"R3AYMXOXRPOFQM","Placeholder","Just one word awesome üî•","Reviewed in India on 19 August 2023","Picture quality is so good",5,"",0,"Crystal 4K iSmart Series","43 inches"
"R2OGMWFO3WNKKF","Amitava Dakua","Bought 55 inch TV and it is very good in both picture and sound section.","Reviewed in India on 7 August 2023","Best TV in this budget",5,"",0,"Crystal 4K iSmart Series","55 inches"
"R34JMG24C9J89B","Placeholder","¬†I purchased Samsung Crystal 4K UHD  43 INCHES TV. WHICH HAS DONE OUTSTANDING PERFORMANCE IN ALL RESPECTS. ALONG WITH FINE PICTURE & VOICE QUALITY. THNX SAMSUNG FOR THIS MASTER PIECE.","Reviewed in India on 10 August 2023","Gr8 Crystal clear clarity",5,"https://m.media-amazon.com/images/I/616+TlTKfRL.jpg",0,"Crystal 4K iSmart Series","43 inches"
"R2SC8SWY6GRJCV","SKV","Brilliant picture quality but bad speakers.No bass at all.Better include good sound drives and increase the price.","Reviewed in India on 11 August 2023","Sound??",5,"",0,"Crystal 4K Neo Series","43 inches"
"R2FMON23QPWWKO","Sudhanshu","very good product ...n very good dilivery","Reviewed in India on 11 August 2023","very good product and service",5,"",0,"Crystal 4K Series","43 inches"
"R29GKB74TOUS02","Deep Makadia","The button on the remote is decieving , I bought this TV thinking it has voice assistant but it did not !!Rest looks to be great , Good Picture Quality , Good Sound !!","Reviewed in India on 19 July 2023","No Voice assistant",3,"",0,"Crystal 4K iSmart Series","55 inches"
"R3U7F33BCW6TWW","ChethanRam","¬†The 4k tv is really worth with good clarity. And also reasonable price when I purchased.","Reviewed in India on 22 August 2023","Nice one",5,"",0,"Crystal 4K iSmart Series","55 inches"
"R1YNVWT4V9GQWD","Placeholder","Good quality as like as a Samsung product 4k quality smoothly running,Osama üëådelivery","Reviewed in India on 28 July 2023","good product üëå",5,"",0,"Crystal 4K Neo Series","43 inches"
"R1RU8NYBNXUOYT","Trident Training and Consultation Services ","Na","Reviewed in India on 8 June 2023","Na",4,"","2","Crystal 4K Series","43 inches"
"RFD956ONYR6EU","Jitender Singh Khamba","I have purchased this TV and after using it I have absorbed that everything is fine accept audio of the TV, I have complained 2 to 3 times to Samsung regarding this issue, different different Samsung engineers came and told me that in this Model you will have this much of audio only. I am not getting how Samsung can do this, all TV features are good and they will compromise with audio quality.Anyway now I have to keep this TV and Samsung Engineers suggested me to buy separate sound bars.Little bit disappointed with Samsung.Hey guys before buying this TV, please read my review.","Reviewed in India on 7 June 2023","TV is good but sound is not good enough!!",3,"","8","Crystal 4K iSmart Series","55 inches"
"R3VTRVL5XD09HD","Adnan Ali Ansari","Very good and features are good highly recommend","Reviewed in India on 1 August 2023","Packaging was very good",5,"",0,"Crystal 4K Series","43 inches"
"RS0ZVHISK3EYE","Neo","¬†Features of this smart tv on this price segment is great. It's sound quality is awesome.","Reviewed in India on 14 August 2023","Smart choice",5,"https://m.media-amazon.com/images/I/71iVHalsTrL.jpg",0,"Crystal 4K iSmart Series","43 inches"
"R2P8BVQVOTRGOZ","Reuben Joseph","¬†Received Display issue product initially.Replacement  very well done by amazon team and received good product. Awsome picture quality. Tv sound ok.","Reviewed in India on 29 May 2023","Received Display issue product first. Replacement Done very well by Amazon",4,"","3","Crystal 4K iSmart Series","55 inches"
"R1SL5UMJKKVOWE","MEHUL DARJI","¬†Great experience with Amazon because fast delivery and same day installation no time west ..thank you Amazon","Reviewed in India on 5 August 2023","Very very  good products",5,"https://m.media-amazon.com/images/I/71+UPr+kDOL.jpg
https://m.media-amazon.com/images/I/71c9EXs0gKL.jpg",0,"Crystal 4K iSmart Series","43 inches"
"R2F0WW3VPGXFQU","SAMEER","¬†Its a nice tv as compared to the other tvs in the market. Screen is big , colors are good , bluetooth speaker/headphones feature. Only issue is stand is very cheap quality plastic. Samsung could have given a metal stand in the middle but its a cheap plastic stand at the edges which makes it risky. May be its a technique to promote wall mounting because that requires additional installation cost.","Reviewed in India on 13 April 2023","Nice Big TV but ‚Ä¶",4,"","12","Crystal 4K Neo Series","55 inches"
"RWLQQ8JNL0V0F","Anamika","It does the job. However, one strange feature is observed...I have a Cable connection so when I type 305 for Republic Bharat channel, strangely it lands on Channel 303 in the first try. So say when you try typing in 305  the second time, it would land correctly i.e., on 305. But always in the first instance when you open the TV for the day t would land on 303. Tried a couple of times...did that in full light slowly, normally, quickly. In all instances it lands on 303.Since it is doing its job hence Im continuing with it.","Reviewed in India on 8 June 2023","It is SAMSUNG!",3,"","2","Crystal 4K Neo Series","43 inches"
"RPWVZP7MDKUZP","Pictures quality good but sound is very low Samsung se ye ummid nhi thi sound quality is very low",,"Reviewed in India on 22 July 2023","Sound is very low",3,"https://m.media-amazon.com/images/I/71OAQqJvD8L.jpg",1,"Crystal 4K iSmart Series","43 inches"